UDB编号	Barcode1	Barcode2
UDB 001	ATGGTGCTCG	ATACTGGCAG
UDB 002	CAAGCATCGC	ATGCACCACA
UDB 003	AGGTCTGAAC	CCTGTAACTG
UDB 004	TGACAAGGAA	CGTAAGTGCC
UDB 005	GCTAGCATTG	GAGTCCATGA
UDB 006	CTCCATTCTT	GGAAGACTAC
UDB 007	TCCATGAGGT	TACTGTGGTT
UDB 008	GATTGCCACA	TCCGCTTAGT
UDB 009	CAAGAGTGCA	ACAAGACGAG
UDB 010	TGACGATCAA	ATGACCGAAT
UDB 011	TCCATCACGT	CATGAGTCTC
UDB 012	ATGACAGGAG	CTGGTTACGC
UDB 013	ATCGTCCTCC	GGACTCATGG
UDB 014	CGGCATATTC	GGCTATCACT
UDB 015	GATTCGCATG	TATCGGTGCA
UDB 016	GCTTGTGAGT	TCCTCAGTTA
UDB 017	ATCTGGACGT	ATCTCGCACT
UDB 018	CGTACACATC	ATTCGTGCAC
UDB 019	TAGGTAGGAG	CAAGACAGCG
UDB 020	CCTCACATCG	CCTTGTTGTA
UDB 021	GCAGGTTATC	GAGATCGAGG
UDB 022	TGATACGCAA	GGAGTATCGT
UDB 023	GACATGCTGA	TCGACGATTC
UDB 024	ATGCCTTGCT	TGCCAACTAA
UDB 025	AACGGAAGAT	ACGGACGTAG
UDB 026	ATTCGCTCCA	ATGCTAGCCA
UDB 027	CAGTATGGTG	CCACTATGGA
UDB 028	CCGTCTATGC	CGTTGGTAGT
UDB 029	GGCATACTTG	GGTACTATCC
UDB 030	GTTGACCAGC	GTCAATCCTC
UDB 031	TCACTGGACT	TAAGCGCAAG
UDB 032	TGAACGTCAA	TACTGCAGTT
UDB 033	ACAATGCCAT	AGTCTTGGAG
UDB 034	ATTGCGACAC	ATCTCCTGTC
UDB 035	CGGCAATTGA	CCACAATCCT
UDB 036	CTGCGTAACT	CCTAGAGTGC
UDB 037	GCCATACATG	GAGAACCAGG
UDB 038	GGATCTGTGG	GTGGTGAACA
UDB 039	TACGACTGTC	TACTGTCCTT
UDB 040	TATTGCGGCA	TGAGCGATAA
UDB 041	AACGCACAAG	ACAAGGACAT
UDB 042	ATTCCGTCTC	ATGTCTGGCA
UDB 043	CCAAGTGTCA	CGAAGATGGT
UDB 044	CGTCTTAGCG	CTGGTGATGC
UDB 045	GACTTGACGA	GATCCTGAAG
UDB 046	GGATGACAGT	GGTGAACACG
UDB 047	TCGAACGTTC	TACCACCTTA
UDB 048	TTGGACTGAT	TCCTTCTCTC
UDB 049	ACACCGTAAT	AGGTTGGAAT
UDB 050	ATGTAGCGCT	ATGAGGTGCC
UDB 051	CATTGCACTC	CACACATCAG
UDB 052	CTGAATCCTG	CGATCTAGTT
UDB 053	GAAGGTGTGA	GCTGAAGACG
UDB 054	GGTGTAGACG	GTTCATCCGA
UDB 055	TCCACAAGGC	TACCGCATTC
UDB 056	TGCCTCTTAA	TCAGTCCTGA
UDB 057	AGTTGTGCAG	ACCTTCGAAG
UDB 058	ATGTTGGCAT	ATGCTGCATC
UDB 059	CCACACAAGA	CCTCATAGCT
UDB 060	CTCGTACTCA	CTTGCTGTGT
UDB 061	GAGAACTGGT	GAAGAACCGG
UDB 062	GGAACTCTTG	GGAAGATCCA
UDB 063	TACGCAAGTC	TACACCAGTA
UDB 064	TCTCGGTACC	TGGTGGTTAC
UDB 065	ATCTCGAGAC	ACGCAGTAAG
UDB 066	ATTAGCGCGG	ATGTCCGTCC
UDB 067	CAGCTACACA	CGAATACGGT
UDB 068	CGAACTGTGA	CGATGATCAA
UDB 069	GCTGACATCT	GCTGGTAAGT
UDB 070	GGATTGTCAT	GTCATTCGTG
UDB 071	TACGATCGTC	TACCAGACTC
UDB 072	TCGCGATATG	TATGCCGTCA
UDB 073	AATCGCCTAT	AACAACGCAT
UDB 074	ATCGTCAGCC	ATGGACAGGC
UDB 075	CCGTAGAATG	CGAACACTCA
UDB 076	CGGACATTCA	CGTTGGATAG
UDB 077	GGAATTGCGT	GCGCTATATA
UDB 078	GTACAGGAGC	GTACCTGAGC
UDB 079	TACGGTTCTG	TACTTGCGTT
UDB 080	TCTTCACGAA	TCTGGTTCCG
UDB 081	ATCTGTGTCA	AAGACGAGAG
UDB 082	ATGTGCTGCC	ATGTTCCGTC
UDB 083	CCAGCATTGG	CCACATCTCA
UDB 084	CGTATACCGT	CGTGTATCGG
UDB 085	GATGACAGTA	GCACGATATA
UDB 086	GGAACTGATT	GGTTCTGACT
UDB 087	TACCTGCAAG	TACAAGGCGT
UDB 088	TCGCAGACAC	TTCGGCATAC
UDB 089	AAGGAGACAG	ACCTAGACAG
UDB 090	ATCTCGGTTG	ATGGACTCTC
UDB 091	CGAGGTTAGA	CCTTCTAGCA
UDB 092	CTGATAGGCT	CGACTACAGT
UDB 093	GCAACATCGA	GGTAGTGACC
UDB 094	GGTCATCACC	GTGGTATGAG
UDB 095	TATCGCAGAT	TAACGCGTGT
UDB 096	TCCTTCCTTC	TACACGCTTA
UDB 097	ACACTCTGAG	ACAGCACTAT
UDB 098	ATTGCGTGGT	AGTGACCTAG
UDB 099	CGACACATTA	CTACGTGACA
UDB 100	CGCAGTATCA	CTGTACTCTG
UDB 101	GAGTCTCAGC	GACATGGAGA
UDB 102	GATAAGGCCG	GGCTTAACGC
UDB 103	TCGGTAGATT	TAGACGAGTT
UDB 104	TTCTGACCAC	TCTCGTTGCC
UDB 105	AGGTCTGTAG	AGTGGTACAT
UDB 106	ATTGTGCGTC	ATCTCACGAA
UDB 107	CATCGCATAC	CAGAACTCGA
UDB 108	CGCGTATAGA	CTACTGGACT
UDB 109	GCCTATGACT	GCGTAATGTG
UDB 110	GTAAGCACGA	GGAATCGTGC
UDB 111	TAGACACCTT	TACGCTCATG
UDB 112	TCACAGTGCG	TCTCGGATCC
UDB 113	ACGTCAACAT	ATCTCCTGAG
UDB 114	ATCGTGCATG	ATGCTCCTTG
UDB 115	CATCACCTCT	CGCGATTACT
UDB 116	CGCTAATCGC	CGTAGGAAGA
UDB 117	GGAGTGATTG	GAAGAGCTTA
UDB 118	GTTCGCTAGA	GCTATAGGCC
UDB 119	TAGAGTGGAA	TAACGAGCGT
UDB 120	TCAACTGGCC	TCGTCTACAC
UDB 121	ATGAGTCCGG	AAGCATCGAG
UDB 122	ATTGCCAGGC	ATGATGGCCT
UDB 123	CAGCGATTCT	CCACATGATG
UDB 124	CGCTCTTACG	CGCTGAATGC
UDB 125	GCATACGAAT	GATGGATGCA
UDB 126	GCTGTAAGTA	GTAGTGCTGT
UDB 127	TACCAGGTTC	TCCTCCAATA
UDB 128	TGAATGCCAA	TGTACCTCAC
UDB 129	ATTGCCTCGG	AGCGAGATAG
UDB 130	ATTGCTGCAG	ATGTTCGCAC
UDB 131	CCGTAACACC	CGTATCCACT
UDB 132	CGCCTAATGT	CTTAAGCGGA
UDB 133	GAACTCTGCT	GAGTCTGTGT
UDB 134	GAGAATGGTC	GCAGCATATA
UDB 135	TCCTGGAATA	TACCGAAGTC
UDB 136	TGAAGGCTAA	TCACGTTCCG
UDB 137	AAGTCCTCAG	AACCACTCAG
UDB 138	ATCTGACGCG	ATGAGCGTAC
UDB 139	CAGAGTGATT	CGTACTAGGT
UDB 140	CCTGTGTTGT	CGTCTGAAGC
UDB 141	GGTCATAGCC	GAAGTAGCTA
UDB 142	GTCAACCATC	GTGTAGCTCG
UDB 143	TCAGTGGTGA	TCAGGTTGCT
UDB 144	TGACCAACAA	TCCTCACATA
UDB 145	AACCTCTCAT	ACAGTTCGAG
UDB 146	ATGAGGCTTG	ATGGAGGTGA
UDB 147	CAGCTAGTTG	CCGATGAATC
UDB 148	CGAAGTAGCC	CTCTGTGTCT
UDB 149	GCTTCATCCA	GACTCACATG
UDB 150	GTTGCTGAGC	GGTAACTGCA
UDB 151	TCCGAGAAGT	TAACGCACGT
UDB 152	TGATACCGAA	TGTCCATCAC
UDB 153	ATGCACACAC	AACCGAACAG
UDB 154	ATTCCGGAGA	ATTAGGCCAC
UDB 155	CCTACAAGCG	CCGTTCAATT
UDB 156	CGCTAAGTCG	CGAGAAGTGG
UDB 157	GAAGTCCTTA	GGTACTGTCA
UDB 158	GAAGTGTGTT	GTGCATCACA
UDB 159	TCCAGTTCGT	TAAGCCTGGT
UDB 160	TGGTGTCAAC	TCCTTGTGTC
UDB 161	AGGAGGTTAG	AGCCAACTAG
UDB 162	ATTGACCGAG	ATTGTGGCAT
UDB 163	CCACGTATCT	CGCAGTTAGT
UDB 164	CTTCCACAGA	CTGTCCATCG
UDB 165	GAGTTGGACC	GAGTGCAATC
UDB 166	GGCAATTCTA	GATCATGCTC
UDB 167	TAAGCAGCGT	TCAACACGCA
UDB 168	TCCTTCAGTC	TCAGTGTGGA
UDB 169	ATGGTCTGCG	AGACGCTAAG
UDB 170	ATTCCGCTCT	ATGTACGGAC
UDB 171	CCTCATGTTC	CCAGATCAGT
UDB 172	CGAGATGATA	CTCATGTCGT
UDB 173	GAATCACCAG	GAGTGAGTTA
UDB 174	GAGTGAACGT	GGCATAAGTG
UDB 175	TCCAGCAAGC	TATGCGACCA
UDB 176	TGCATGTGAA	TCTCCTCTCC
UDB 177	AACCAGAGAG	ACTCGATCAG
UDB 178	ATTGGCTGAT	ATGCTGGTCG
UDB 179	CAGTCGTATA	CAGAATCGTC
UDB 180	CTGTACCTGT	CGAGACTTGT
UDB 181	GGACTTCATC	GGTACAAGCA
UDB 182	GGTGTTGTCG	GTCTCTCAAC
UDB 183	TCAACAGCCA	TACTGGACTT
UDB 184	TCCAGAACGC	TCAGTCGAGA
UDB 185	ATGTCGTGTG	ACATGCCAAG
UDB 186	ATTGGCACTC	ATGACTCGCG
UDB 187	CATGACCACT	CGAGGTATCT
UDB 188	CCACTTAGCA	CTCCAATGTC
UDB 189	GAGAAGGTAG	GAGCTCTAGA
UDB 190	GGCTTACAGT	GATGAAGCGT
UDB 191	TCCACATCGC	TCCTCGATTA
UDB 192	TGACGTGTAA	TGTATGGCAC
UDB 193	ACAGTGACAG	AAGCTCACAG
UDB 194	ATGGTAGGCG	ACAAGAGGAT
UDB 195	CAGAGCTTGC	CTACTCCAGA
UDB 196	CGTCATCTGA	CTGAAGCTTC
UDB 197	GGAACTTCTT	GGCTGTATGA
UDB 198	GTCTCAAGAC	GGTTCATGCT
UDB 199	TACTGCCATT	TACGATGCTC
UDB 200	TCTCAGGACA	TCTGCGTACG
UDB 201	AACAGGTGAG	ATGGACCTAG
UDB 202	ATTAGCCGAG	ATTCCGAGAG
UDB 203	CGTCATACCT	CACTGTGACT
UDB 204	CTGTCACTCC	CGGCTATAGA
UDB 205	GCAGATGAGA	GCTTGTCTGT
UDB 206	GGATCATCGA	GGAACAACTA
UDB 207	TACCTCGTTC	TACGAGTCTC
UDB 208	TCGGTGAATT	TCAATCGGCC
UDB 209	AACAGCGAAG	AGACCTTGAG
UDB 210	ATGCTGTGGC	ATGGCAGTAC
UDB 211	CGTGCTATCA	CATCTCACGA
UDB 212	CTATGGTCGT	CTCTGTCACG
UDB 213	GAACAACGCG	GCGAGATATT
UDB 214	GCTTAACCTT	GGTATCAGCC
UDB 215	TCGACCAATC	TAAGAGGCGT
UDB 216	TGCGTTGTAA	TCCTAGCTTA
UDB 217	ATGGTACCGC	AACGCCTTAG
UDB 218	ATTCTCCGCA	ATGTCGACAC
UDB 219	CAAGCGATGT	CGTATAGGTG
UDB 220	CGTAATGCAG	CTTGACGACA
UDB 221	GAGTGGTATC	GCCTGTAAGA
UDB 222	GGACCATACG	GGACGATTCT
UDB 223	TCCAATGGAT	TAACTGCGGT
UDB 224	TCCTGCATTA	TCGAATCCTC
UDB 225	ACAAGCTCAG	ATGCAGCTGG
UDB 226	ATCTTCGGTC	ATGTGCCTCG
UDB 227	CCGGAATTCT	CAACGAAGAC
UDB 228	CGTACAACGA	CCATACACGT
UDB 229	GACCGTATTG	GCTGTTGATT
UDB 230	GTGCTTGACA	GGCACTTATC
UDB 231	TAAGAGCGGT	TATGTGGCCA
UDB 232	TGTTCGCAAC	TGCACATGAA
UDB 233	AGTCTGTGAT	ATGAGGACGT
UDB 234	ATCGTCGAGG	ATGCGTCAAG
UDB 235	CAGACAGATT	CACCAAGTTC
UDB 236	CCAGAGTTAC	CCATCTTGCT
UDB 237	GGTAGTCTCC	GGAGTACAGC
UDB 238	GTGTCAACCG	GGTTACTCCG
UDB 239	TACCACAGTA	TACACCGTTA
UDB 240	TCATGTCCGA	TCTGTGAGAA
UDB 241	AGATCGTCAG	AACGTAGCAG
UDB 242	ATTCGACCGA	ATGGCATGCT
UDB 243	CACCTCATCC	CCATGCAATC
UDB 244	CACGGTATTC	CGGAAGTTGC
UDB 245	GGTAATGGCA	GCTCATACGT
UDB 246	GTAGCAGAGG	GTCATCGATG
UDB 247	TCGATCTATT	TATCGTCGCA
UDB 248	TCGTAGCGAT	TGATCGCTAA
UDB 249	ACGTCGTTAG	AACCGTGTAG
UDB 250	ATGCGCTTCA	ATGGTGGTAC
UDB 251	CCAATTGCGT	CCAAGTTGGT
UDB 252	CGTGAAGACC	CGAGACAACA
UDB 253	GACCATAGTA	GGTATACGCC
UDB 254	GTCATGCATG	GTTCCGTAGA
UDB 255	TAAGGCAGGT	TACTCCACTG
UDB 256	TGTTCACCAC	TCGTAACCTT
UDB 257	AGCAGACAAG	AGCACATGAT
UDB 258	ATTCGGACGT	ATCTGACCAG
UDB 259	CACTCTTGTC	CAATGGCTGC
UDB 260	CAGAAGGTCT	CAGATCGTTG
UDB 261	GCGCTTAATA	GGAGAGAACA
UDB 262	GGTGAAGTCG	GTTCACTCGA
UDB 263	TCATTCCGGA	TCGGCTAATT
UDB 264	TTAGCCTCAC	TCTCTTGGCC
UDB 265	ACTCTGAGAG	AGCTAGTGAG
UDB 266	ATCTCCGAGT	ATGGTTGGAC
UDB 267	CAGAGGTAGT	CCTTGGAACA
UDB 268	CGATCCTTCA	CGTCGTATCT
UDB 269	GCTAGACTTC	GACACACTTC
UDB 270	GGAGTTACCG	GTACAACCGA
UDB 271	TACCAAGCTA	TAAGCCGAGT
UDB 272	TTGGATCGAC	TCGATCTCTG
UDB 273	AGTGCATCAG	ATCAGGCTAC
UDB 274	ATGCTTGGCG	ATGGCTTGAC
UDB 275	CCATCAAGGT	CATCACTCTG
UDB 276	CGATTCCAAC	CGATAGACTG
UDB 277	GAGAGTGTGA	GAGCTCATCT
UDB 278	GTCCAGTATT	GGTACAGACA
UDB 279	TACGACACTC	TCATGACGGA
UDB 280	TCTAGGCTCA	TCCGTTGAGT
UDB 281	AACAGTCCAG	ACTACGGTAG
UDB 282	ATCTCCACCA	ATGCTACGAC
UDB 283	CATCAGTGTT	CGACTTACCT
UDB 284	CGGAGTAAGA	CTCGCTATTC
UDB 285	GCATTCGTCT	GAGGACTAGT
UDB 286	GTACTGGTGC	GGTTACGACG
UDB 287	TCGGAACATG	TACAGACCTA
UDB 288	TGTGCATGAC	TCATGGTGGA
UDB 289	ATTCGAGGTC	AAGACCGTAG
UDB 290	ATTGGCCACG	ACGAGAACAG
UDB 291	CAAGCTCACT	CGACAAGATC
UDB 292	CGCTAGTTGA	CTCGATTGGT
UDB 293	GAGTCTACGC	GGTTGCATCT
UDB 294	GCAATCAGAT	GTACTGCAGC
UDB 295	TCGCTAGTTG	TATGTGCGCA
UDB 296	TGCAAGTCAA	TCCTCTTCTA
UDB 297	AGAAGCCTAG	ATGGTGTCAG
UDB 298	ATTGGCTGGC	ATTCCACGAA
UDB 299	CCGCATAATG	CGGATAAGTC
UDB 300	CGTACGTACA	CGTGCTTAGT
UDB 301	GACTTGGTGA	GACCACATGT
UDB 302	GAGTTACGTT	GCATGTGTCA
UDB 303	TCAGCAACCT	TACTACGCTG
UDB 304	TTCCATGCAC	TCAAGGCACC
UDB 305	ACTTGGCTAG	AAGCGACTAG
UDB 306	ATGCATGCTG	AGGTGTTGAG
UDB 307	CATAGGTGGA	CTCGAGTAGC
UDB 308	CTGTCAAGCC	CTTGCACTGA
UDB 309	GACATAGCCT	GATATCGCCT
UDB 310	GGAGTCAATC	GGAACCAATC
UDB 311	TCCGACTAGT	TCACTTGCCT
UDB 312	TGACCTCTAA	TCCTAGAGTA
UDB 313	AGAGACTCAG	ACTCTCCAAG
UDB 314	ATGAGTGGCG	ATCGTTCGAC
UDB 315	CAGACAAGTA	CGATCGATGT
UDB 316	CTCTGGTTCA	CTGAACGTTA
UDB 317	GATCTGCAGC	GAGAGAAGCC
UDB 318	GCACTTACTT	GGTGAATCCG
UDB 319	TCCGAACTGT	TAACGGTCGT
UDB 320	TGTTCCGAAC	TCCTCTGATA
UDB 321	AACCTACGAG	ACGTAGTGAC
UDB 322	ATGGTGAGGC	ATCCGTTGAG
UDB 323	CCTTGTCATT	CAAGATCCGT
UDB 324	CGAAGGTATC	CTGATCGATA
UDB 325	GACTACGTCT	GGAATGCTGC
UDB 326	GTACACGTGA	GGTTCAGTCT
UDB 327	TCTGCTACCG	TACGGCAATG
UDB 328	TGGACATCAA	TCTCCAACCA
UDB 329	ACCATAGGAG	ACGCTTGTAT
UDB 330	ATGGTCCACC	ATGCTGAGAC
UDB 331	CCGTATGATC	CAATGAGCTG
UDB 332	CGACACTTAG	CTTGGACATC
UDB 333	GGTTGTACCT	GGCTAGTACG
UDB 334	GTTCCACTGA	GGTACTTGCA
UDB 335	TAAGCGAGGT	TAAGCCACGT
UDB 336	TACAGGTCTA	TCCAACCTGA
UDB 337	ACGATACCTG	ATATCCGGAT
UDB 338	ATTCACGGCA	ATCTCCTCAC
UDB 339	CGAGTTAGAG	CACCAACAGA
UDB 340	CTCGAGATGC	CGAGTGAACA
UDB 341	GCGTGTTAAT	GATGTTGCGT
UDB 342	GGTCCATTCC	GGTAGGATCC
UDB 343	TAATCGCCGT	TCGAGTTGTG
UDB 344	TACAGCGATA	TCGCAACTTG
UDB 345	ATCTACCGCG	ACCTCTTCAG
UDB 346	ATTCGCGAAC	ATACGCAGAG
UDB 347	CAGACTACGG	CGGATCTTGT
UDB 348	CGAGTGTTGT	CTAGTACGGC
UDB 349	GACTAGAGTA	GACGATGATA
UDB 350	GCTACTCTTA	GGTTAGGTCT
UDB 351	TCAGGATCCT	TATCGGCACA
UDB 352	TGGCTAGAAC	TCGACAACTC
UDB 353	AATCGCTGAG	AAGGCGTTAT
UDB 354	ATCGTTCCGT	AGCTAAGCAG
UDB 355	CATGCGAATG	CGGTAAGATT
UDB 356	CGAAGAGTCA	CTTGCCTTGC
UDB 357	GCGCATTATA	GCTAGTCACA
UDB 358	GGATAGAGCC	GTAATGCGGA
UDB 359	TCCATCGTGT	TACCTCACTC
UDB 360	TTGTCACCAC	TCACGTAGCG
UDB 361	AAGGAAGGAG	AACCGAGAAT
UDB 362	ATCCACGAAG	AAGGTGGTAT
UDB 363	CCATTCCTTC	CTGCAGTACA
UDB 364	CGGTTAACGT	CTTACCAGGC
UDB 365	GGTAGGTACC	GGAACTAGTG
UDB 366	GTTCGTAGGA	GGTGATCTCG
UDB 367	TACACTCCTA	TCATGCTCGA
UDB 368	TCAGCGTTCT	TCCTTACCTC
UDB 369	ACGGTACAAG	ACGAATCCAG
UDB 370	ATGCGTAGGT	AGAGTCCAAG
UDB 371	CATTCCAGTC	CATGGTTGGC
UDB 372	CGACCATTGG	CTGTTGGACT
UDB 373	GACTATCCTA	GGATCCATGA
UDB 374	GGTAAGGACA	GTCCAATCTT
UDB 375	TCAGGCTTCT	TACAGGAGTA
UDB 376	TTCATGGCAC	TCTCCAGTCC
UDB 377	ATGACGTCTC	ACCATCCTAG
UDB 378	ATGGAGTGTG	ATGCGACATC
UDB 379	CACACAGTGT	CAGGAGATTG
UDB 380	CGATGCAACG	CCAATCACCT
UDB 381	GATCTCGAGA	GGCTAAGACA
UDB 382	GCAGATACAT	GTTCCTTGGA
UDB 383	TCTCTACGCC	TAAGCGTCGT
UDB 384	TGCTGTCTAA	TGTTGTGGAC